,post_dates,title,full_text,url
0,2019-10-01,1kg님의 참트루 블...,"[' \u200b 양양 서핑 강습&렌탈 추천! : 양양 서프&카페 (기사문해변) \u200b 10월 17일, 즉흥으로 떠난 #양양여행 그 중 우리가 처음으로 해보자!했던것 중 하나가 #서핑 ㅋㅋㅋㅋ 이유 : 멋있어... (현실은 좀 달랐다,특히 나는 좀 심해) \u200b \u200b 우리는 양양 #기사문해변 에 위치한 #양양서프카페 라는 곳에서 강습과 렌탈을 하기로함! 내가 협찬받지두 않았는데, 리뷰를 굉장히 잘 하려는 이유는 친절 + 강습 잘해주심 + 시설 청결 \u200b \u200b 네이버에 #양양서핑 하면, 가장 상단에 나오는건 단연 핫플인 서피비치 해변 안에있는 #서피비치 라는 업체 근데, 둘째날은 서피비치에서 렌탈만 해서 이용했는데 너무 비추라서 내돈내고 서핑을 이용하고자하면~ 기왕이면 친절하고 깨끗한 서비스가 있는곳으로! 서피비치 업체 개인적으루 비추 *개인의견이니 참고만하세요? ㅠ_____ㅠ \u200b \u200b \u200b \u200b \u200b 우리 숙소는 하조대에서 솔직히 교통편도 안좋고, 그래도 하조대에서 걸어서 17분? 정도 거리라 운동삼아 걸어왓다 ㅋㅋㅋㅋ 조금 힘듬 ^^ \u200b 기사문해변에 위치한 양양서프&카페라는 곳이다 \u200b \u200b \u200b \u200b 내부는 깔끔하다 원래 포스팅할 생각없어서 난 사진도 안찍었는데 같이 간 동생이 줌 ㅋㅋㅋㅋㅋㅋㅋ \u200b \u200b \u200b \u200b 맞은편엔 기사문 해변이~ 우리는 10월 17일? 비수기에 가서 사람이.. 진짜 없엇ㅋㅋㅋㅋㅋㅋㅋㅋㅋㅋ 나쁘지않았따. 엄청 춥지도 않고! 낮엔 괜차나~ \u200b \u200b \u200b \u200b 진짜 고요해서 좋왔던 기사문해변... 오히려 우리밖에 없어서.. 진짜 조용하게 바다보고 싶어서 왓는데ㅠㅠ 서핑하다가도 쳐다보고 너무 좋왓움 \u200b \u200b \u200b \u200b 이 옷 처음 입어보는데 수치스러웟다 내몸때문이야 ㅋㅋㅋㅋㅋㅋㅋㅋㅋㅋㅋㅋㅋ 내년 여름을 준비하기로 아주 단단히 다짐했어 나 ^^ \u200b \u200b \u200b \u200b 물은 무서워하는 나 서핑 선생님이 진짜 기초부터 잘 설명해주셨다 특히, 우리 4명이서 강습해주셨는데 한명한명 서핑자세 잡아주시면서 한번 할때마다 피드백을 해주셔서 좋왔다 비록 내가 제일 못했지만... 보드 위에서 일어났다는 것만으로도 아주 큰 발전 \u200b \u200b \u200b \u200b 저러고 못일어나서 끝까지 옴 ㅋㅋㅋㅋㅋㅋㅋㅋㅋㅋㅋㅋ무섭... 잘타구 싶은데 \u200b \u200b \u200b \u200b 그러다 지쳐서 거의 누워서 오랜시간을 보냄 파도도 잔잔해서 그런지... 누워있는데 너무 편한거야... 이럴꺼면 집에 누워잇는거랑 뭐가 다르냐몈ㅋㅋㅋㅋㅋ \u200b \u200b \u200b \u200b 쓰앵님은 강습해주시고 떠나고 우리끼리 열시미 연습햇다 ㅋㅋㅋㅋ 하지만 그래도 난 꼴찌야~~~~ \u200b \u200b \u200b \u200b 공기도 좋고, 바다도 좋왔떤 10월의 이곳! 만족이야 \u200b \u200b \u200b \u200b 샤워하고 나왓눈데, 서비스로 음료수도 주셧당 >< \u200b \u200b 그리고,, 여기 양양서프앤카페는 \u200b 샤워실에 샴푸+바디워시 / 수건 / 드라이기 기본 샤워에 필요한 용품들이 구비되어 있다. \u200b 양양 서피비치엔 없음ㅋ (아무것도) 뒷날은 서피비치가서 강습말고, 렌탈만해서 이용했는데 수건조차 없어서 오들오들.... 게다가 날씨가 춥고 파도가.. 초보자가 서핑은 하면 안될정도 엿는데 ㅠㅠㅠ (난 안함) 그걸 그냥 해도된다고 해서 렌탈했다구한다.... 해서 거의 못타고 그냥 반납함 \u200b 나중에 친구들이 먼저가서 렌탈하고 서빙하고 있겠다고해서 뒤늦게 가봤는데, 서핑하는 사람도 거의 없었당 날씨때문에 ㅠ_ㅠ \u200b 다음에 와도 강습패키지는 양양서프앤카페를 이용하기루함ㅋㅋ^^ \u200b \u200b \u200b https://v4.map.naver.com/local/siteview.nhn?code=32822709&_ts=1572233489077 v4.map.naver.com v4.map.naver.com \u200b \u200b 우리가 이용했던 양양서프앤카페에서 이용했던 \u200b #양양서핑가격 \u200b 강습 + 서핑보드 + 슈트 1일 이용권 40,000원! 지금 7주년 기념 행사라서 그런가부당 가격에 비해 매우 만족스러웠고 강습도 고퀄이였다구 생각해~ (비록 내가 못탓지만ㅋㅋㅋㅋ) \u200b \u200b 내년엔 꼭 ! 더..... 나아져서 .... 타야지 \u200b \u200b \u200b #양양서핑추천 #양양서핑강습추천']",http://blog.naver.com/PostView.nhn?blogId=1kg_otl&logNo=221690860625&redirect=Dlog&widgetTypeCall=true&directAccess=false
1,2019-09-01,하루하루끄적끄적,"[' 강원도 양양:) 기사문해수욕장 비치 짱짱 / 딥서프 [DEEP SURF] 카페 짱짱 \u200b 토요일날 서울로 돌아오는 일정이었는데 아침에 일어나엇 체크아웃하고 갈줄알았는데 아침에 바다 한번 더 가기로 햇어요 ㅋㅋㅋㅋㅋㅋㅋㅋㅋㅋㅋㅋㅋㅋㅋㅋㅋㅋㅋ 차차로리가 수영복 2개 챙겨옴 뭐 챙겨갈지 결정을 못해서 그냥 두개 챙겨왓다고ㅋㅋㅋ 우씨.. 미리좀얘기해주면 나도 두개 챙겨왓을 텐데!!!!!! ㅋㅋㅋㅋㅋㅋㅋㅋㅋㅋㅋㅋㅋ \u200b \u200b \u200b \u200b \u200b \u200b \u200b \u200b \u200b \u200b \u200b 원래는 핫플레이스로 유명한 서피비치쪽 간다고 햇엇자나욤 근데 거기 사람도 너무 많고, 코카콜라 이벤트해서 입장료도 이마넌인가 햇는데 잠깐 놀려고 내고 가는게 너무 돈아까워서 가까운 기사문 해수욕장으로 갔어요! \u200b 근데 기사문해수욕장 진짜 레알 짱짱짱짱짱짱짱!!! 파도 너무 재미떠 ㅠㅠㅠㅠㅠㅠㅠㅠ 핵잼 굿굿!! \u200b \u200b \u200b \u200b \u200b \u200b \u200b \u200b \u200b \u200b \u200b \u200b 기사문 해수욕장 사용료에요! 튜브 10,000원 테이블 25,000원 샤워장 3,000원 주차비는 무료! \u200b \u200b \u200b \u200b \u200b \u200b \u200b \u200b \u200b \u200b \u200b 핫한 차차로리 잇템 의자랑 돗자리 깔고 앉으려고 햇는데 안된다고... ㅋㅋㅋㅋㅋㅋㅋㅋㅋㅋㅋㅋㅋㅋㅋ 갠히 가져갓.. ㅠㅠ 무튼 그래서 그냥 테이블 빌려서 사용했음! \u200b \u200b \u200b \u200b \u200b \u200b \u200b \u200b \u200b \u200b \u200b \u200b \u200b \u200b 그리고, 튜브와 선베드! 원래 자리랑 튜브만 대여하려고 햇는데 ㅋㅋㅋㅋㅋㅋㅋㅋㅋㅋㅋㅋㅋㅋㅋㅋㅋㅋ 차차로리가 선베드 원츄 ㅋㅋㅋㅋㅋㅋ 선베드는 10,000원이에욤! \u200b \u200b \u200b \u200b \u200b \u200b \u200b \u200b \u200b \u200b \u200b 기사문해수욕장에서도 서핑이 가능해요! 그래서 서핑하는 서퍼들이 엄청 많은데 \u200b 서핑 노잼 한국 노잼 사람 너무 많음 튜브가 핵존잼!!!!!!!!!! \u200b \u200b \u200b \u200b \u200b \u200b \u200b \u200b \u200b \u200b \u200b 용감하게 제가 먼저 들어갔습니다 넘나 차가운것.. ㅋㅋㅋㅋㅋㅋㅋㅋㅋㅋㅋㅋㅋㅋㅋㅋ 개춰추처ㅜ처춰춰춰추웟!! ㅋㅋㅋㅋㅋㅋㅋ 근데 막상 물에 들어가면 안추워용! \u200b \u200b \u200b \u200b \u200b \u200b \u200b \u200b \u200b \u200b \u200b \u200b 다음주자 썬구리뇨자 입성! ㅋㅋㅋㅋㅋㅋㅋㅋㅋㅋㅋㅋㅋ 튜브안에 엉댕이 넣고 타는거 잇잖아여? ㅋㅋㅋㅋㅋㅋㅋㅋㅋㅋㅋㅋㅋㅋㅋㅋㅋㅋㅋㅋㅋ 그거 시도햇다가 뒤집어진거 안비밀 ㅋㅋㅋㅋㅋㅋㅋㅋㅋㅋㅋㅋㅋㅋㅋㅋㅋㅋㅋㅋㅋ 개웃 ㅋㅋㅋㅋㅋㅋㅋㅋㅋㅋㅋㅋㅋㅋ \u200b \u200b \u200b \u200b \u200b \u200b \u200b \u200b \u200b 우리 차차로리는 선베드 아주 열심히 사용했어욤 우리가 젤 시끄럽다고 ㅋㅋㅋㅋㅋㅋㅋㅋㅋ ㅋㅋㅋㅋㅋㅋㅋㅋㅋㅋㅋㅋㅋㅋㅋㅋㅋㅋㅋ 파도가 쎄서 진짜 소리지르면서 시끄럽게탐 ㅋㅋㅋㅋ \u200b \u200b \u200b \u200b \u200b \u200b \u200b \u200b \u200b 보면 바다에 동그랗게 노랑색 통 띄어져있는데 그 선이 서핑 영역과 튜브영역으로 나뉘어져 있는데요 안쪽이 튜브영역 바깥쪽이 서핑영역 파도가 서핑영역과 닿아있는 노랑색 통쪽이 쎄서 거기서 노는데 서핑하시는 분들이 자꾸 침범하더라구요 ㅡㅡ... 진짜 부딪칠뻔도 하고 너무 위험해서 기사문해수욕장 운영본부쪽에서 확성기로 나가라고하고 들어오면안된다고하고 직접 들어오셔서 서핑하시는분들 여기오면 안된다고 주의를 줬는데도 불구하고!!!!!! 들어오는 사람들이 있었는데 ㅋㅋㅋㅋㅋㅋㅋ 나중에 운영본부 아저씨가 썬구리뇨자에게 휘슬 주면서 들어오면 휘슬불라고 ㅋㅋㅋㅋㅋㅋㅋㅋ ㅋㅋㅋㅋㅋㅋㅋㅋㅋㅋㅋㅋㅋㅋㅋㅋㅋㅋㅋㅋㅋㅋㅋㅋㅋㅋㅋㅋㅋㅋㅋㅋㅋㅋㅋㅋㅋㅋㅋㅋㅋㅋㅋㅋㅋㅋㅋㅋㅋㅋㅋㅋㅋㅋㅋㅋㅋㅋㅋㅋㅋㅋㅋㅋㅋㅋㅋㅋㅋㅋㅋㅋㅋㅋ ㅋㅋㅋㅋㅋㅋㅋㅋㅋㅋ썬구리뇨자 완장참 ㅋㅋㅋㅋㅋㅋㅋㅋㅋㅋㅋㅋㅋㅋㅋㅋㅋㅋㅋㅋㅋㅋㅋㅋ 그래서 서핑사람들 들어오나 안들어오나 아주 눈에 불을 키고 찾아서 쫓아냄 ㅋㅋㅋㅋㅋ 진짜 ㅋㅋㅋ 완장찬 썬구리뇨자 개웃겼음 ㅋㅋㅋㅋㅋㅋㅋㅋㅋㅋㅋㅋㅋㅋㅋㅋㅋㅋㅋ \u200b \u200b \u200b \u200b \u200b \u200b \u200b \u200b \u200b \u200b 해수욕장엔 치킨이지! 테이블위에 네네치킨 번호 써있었잖아여! 물놀이 하니 허기져서 ㅋㅋ 네네치킨 주문해먹어떠여! 여기에 생맥은 필수 캬캬캬캬 \u200b 테이블까지 가져다주는 것은 아니고, 주차장으로 나가서 픽업해야되여!!!!!! 물놀이하고 먹어서 그런지 진짜 개핵꿀맛! \u200b \u200b \u200b \u200b \u200b \u200b \u200b \u200b 치킨먹고 이차 물놀이 시작 ㅋㅋㅋ \u200b 오전에 바다 들어갈때는 우리밖에 없었는데ㅋㅋㅋㅋ 오후되니까 사람들 점점 늘어남 ㅋㅋㅋㅋㅋㅋㅋㅋ \u200b 너무 재밌어서 하루 더 있고 싶었음 ㅠㅠㅠ 썬구리뇨자 약속만 없엇다면... . 거의 하루 더 있을 각 ㅋㅋㅋㅋㅋㅋㅋㅋㅋㅋㅋ \u200b 진짜 이번 강원도 양양여행 너무 재미써써요 ㅠㅠ 내년에 또 가기로 했 ㅋㅋㅋㅋㅋㅋㅋㅋ 너무 재미떠재미떠재미떠♡ \u200b \u200b \u200b \u200b \u200b \u200b \u200b 씻고 출발하기 전에 커피한잔 하자고 들어간 딥서프 카페!! \u200b 근데 너무.. 배고파...ㅋㅋㅋㅋㅋㅋㅋㅋㅋ ㅋㅋㅋㅋㅋㅋ 우리 치킨 먹은거 맞음 ㅋㅋㅋㅋㅋㅋㅋㅋㅋㅋㅋㅋㅋㅋㅋㅋㅋㅋㅋㅋㅋㅋㅋㅋㅋㅋㅋㅋㅋㅋㅋㅋ \u200b 너무 허기져서 딥서프카페에서 떡볶이 시켜먹었어요! \u200b \u200b \u200b \u200b \u200b \u200b \u200b \u200b \u200b 해산물이 가득 들어간 딥서프 카페 떡볶이! 친절하고 이쁜 언니가 만들어주는데 존맛탱구리 ㅠㅠㅠㅠㅠ 너무 맛잇더라구요 진짜 순삭함 ㅋㅋㅋㅋㅋㅋ \u200b \u200b \u200b \u200b \u200b \u200b \u200b \u200b \u200b \u200b \u200b 가게 분들이 대체적으로 다들 친절하시더라구요! 서핑대여할 때도 딥서프이용해도 좋을 것 같았어요!! \u200b \u200b \u200b \u200b \u200b \u200b \u200b \u200b \u200b \u200b 서울 올라가는데 날씨 오짐 진짜 날씨 너무 좋더라구요!!!!!!!!! \u200b \u200b \u200b \u200b \u200b \u200b \u200b \u200b \u200b \u200b \u200b \u200b \u200b \u200b \u200b 한국 맞아요ㅋㅋㅋㅋㅋㅋㅋ 진짜 석양 쩌러 ㅋㅋㅋㅋ 완전짱이더라구요 한국아닌줄... ㅋㅋㅋㅋㅋㅋㅋㅋ \u200b 서울 들어오는데 진짜 핵막히더라구요 근데 완전 이쁜 뷰를 볼 수 있어서 조았어요! 거의 3시간 넘게 차안에 있었던듯.. ㅋㅋㅋㅋㅋㅋㅋㅋ 이틀내내 운전하느라 고생한 썬구리뇨자 ㅠㅠㅠ 운...운전은 너에게 맡긴다.. 차차로리와 나는 운전은 도저히 못하게따.. 나는 운전이 너무 무섭다..... ㅋㅋㅋㅋㅋㅋㅋㅋㅋㅋㅋㅋㅋㅋㅋ 내년에도 부탁한닼ㅋㅋㅋㅋㅋㅋㅋㅋㅋㅋㅋㅋㅋㅋㅋㅋ \u200b \u200b \u200b \u200b \u200b \u200b \u200b \u200b \u200b \u200b \u200b \u200b 기사문 해수욕장 기사문해변 강원도 양양군 현북면 기사문리 \u200b 주소 : 강원도 양양군 현북면 기사문리 \u200b 기사문 딥서프 딥서프 강원도 양양군 현북면 기사문길 23 \u200b 주소 : 강원도 양양군 현북면 기사문길 23 \u200b 전화번호 : 070-8267-3800 \u200b 영업시간 : 평일 09:00 - 22:00 주말 08:00 - 24:00 \u200b #기사문해변 #기사문해변입구 #강원도양양 #양양비치 #딥서프 #DEEFSURF #기사문해수욕장 #금요모임_싱글즈 #차차로리 #썬구리뇨자 \u200b \u200b 요 약 \u200b 썬구리뇨자 없으면 못 갈 강원도 양양 썬구리뇨자의 완장질 엄지척! 차차로리의 빅픽처 수영복 두개 차차로리의 선베드 욕심 기사문해수욕장 파도 쩔 서핑, 패들보드 다 필요없어 튜브가 최고! \u200b \u200b \u200b \u200b \u200b \u200b \u200b \u200b \u200b \u200b \u200b \u200b 그럼 20000 \u200b']",http://blog.naver.com/PostView.nhn?blogId=foxr926&logNo=221639432382&redirect=Dlog&widgetTypeCall=true&directAccess=false
2,2018-04-01,Daygram,"[' 강원도의 겨울을 다 못 적었는데 끝날 순 없지 사실 그 때는 적지 못했는데 이제는 말할 수 있다 일 때문에 사전 답사를 다녀온 것! 그래서 다른 분들이 여행 다니는 것보다 조금 독특한 ? 그런 곳이 있을 수도 있으나 거의 대부분이 아는 곳일 듯하다... 우리는 아침에 일어나 일출을 봐야했는데 일출을 볼 수 있는 스팟으로 기사문항을 선택했다. 해 뜨기 직전 기사문항의 빨간 등대를 바라보다가 기사문항에서만 볼 수 있는 어촌계가 있다고 해서 다시 이동 이동하니까 이제 막 시작했더라. 기사문항의 어촌이 시작되는 시간 오전 7시 해뜨는 시간에 따라 달라지는지는 모르겠으나 한 겨울에는 7시에서 8시에는 어촌계가 시작된다 이제 해가 다 뜬 것 같았다 반짝 반짝 내가 갔던 12월에는 오징어가 잡히는 계절 아닌가 싶었는데 다른 다양한 물고기가 많았음 뭔지 물어보기 민망해서 (..) 못 여쭤봤는데 횟집이나 집에서 먹기 위해 사가는 동네 주민들이 대부분 살아 생전 새벽에 열리는 어시장을 몇 번이나 더 올 수 있을까 싶었던 #기사문항 에서의 시간 이렇게 일출봐야해!!! 라고 일어나서 해변에서 일출을 볼 수 있는 날도 몇번이나 있을까 일몰은 좋아하면서 일출엔 별 감흥이 없다 그리고 우리가 묵었던 #양양에어비앤비 에어비앤비 가입 전이라면 아래 링크를 클릭 후 회원가입한 후 예약하면 32,000원의 바우처를 받을 수 있다. 에어비앤비에서 처음 예약하면 ₩32,000 할인 Unforgettable trips start with Airbnb. Find adventures nearby or in faraway places and access unique homes, experiences, and places around the world. abnb.me 우리가 묵었던 곳은 기사문항 근처 포도하우스라는 #에어비앤비 였다. 나중에 들은 말로는 여기가 무슨 인테리어 업체를 끼고 하는? 사실 겨울에 한옥 또는 목조주택에 머물려면 가장 중요한 건 난방, 즉 보일러다. 난방이나 온수 시스템이 자동으로 되어있는 곳에만 살던 나는 단독주택에서 사용하는 보일러 시스템을 잘 모름 근데 집에 도착하니까 집이 거의 얼음장임 ㅠㅠㅠㅠㅠ 그래서 호스트에게 전화를 했는데 호스트가 미국에 있다고.. 함? ㅋㅋㅋㅋㅋㅋㅋㅋㅋ 근처 이장님이 집을 돌봐주고 있다고 곧 오실 거라고 해서 오셨는데 이미 거하게 취해서 오신 것은 물론이고 보일러 키는 법을 알려주셨는데 온수도 안나오고 집이 따뜻해지기는 커녕 ㅋㅋㅋㅋㅋㅋㅋ 얼음장임 그래서 보일러 회사에 전화해보고 야밤에 난리 난리를 피우다가 우선 핫팩과 온갖 옷을 다 껴입고 잠들었다고 한다 역시나 아침에도 집은 데워지지 않았다. 햇살이 가득해서 예쁘다 하는 생각도 들었지만 추우니까 좋은 기억은 아니었던 곳 ㅋㅋㅋㅋㅋ 무려 4개월이 지났는데도 여기는 추운 기억 뿐이닼ㅋㅋ 그치만 집 자체는 정말 예뻤던 게 한옥을 허물지 않고 내부만 모던하게 변경한 거라서 대들보나 이런 골격을 그대로 살렸다 그래서 예쁘긴 했는데 저걸로.. 더 추웠던 게 아닐까 (기승전 추움) 서재도 진짜 예뻤고 블루투스 스피커 엄청 크고 좋은 것도 있었고 진짜 너무 좋았는데 우리 모두 패딩입고 지냄 (ㅋㅋㅋ) 다락방같은 2층은 침대방이 2개 있었는데 한 곳은 침대가 2개 또 한 곳은 침대가 1개 이렇게 포도하우스 에어비앤비는 침대만 총 4개가 있고 방도 4개가 있어서 대가족 또는 소규모 가족 여행 숙소로도 추천! 양양 서핑 포인트와 가까운 곳이라서 서핑을 즐기고 싶은데 한옥에서 자고 싶다면 이 에어비앤비를 추천하고 싶다! 에어컨 시설도 잘 되어있으니 여름엔 괜춘할 듯 :) 밖에는 야외수영장도 되어 있으니까 수영장을 이용하고 싶은 가족들도 머물기 좋을 듯 기사문항에서는 걸어서 10분 차로는 3분 거리라서 위치상 아주아주 좋고 사람들이 붐비는 죽도해변이랑도 거리가 있으니까 조용하게 가족여행을 즐기기도 좋을 것! 기사문항 강원도 양양군 현북면 기사문리 저장 관심 장소를 MY플레이스 에 저장할 수 있어요. 팝업 닫기 \'내 장소\' 폴더에 저장했습니다. MY플레이스 가기 팝업 닫기 전화 상세보기 <a onclick=""return false;"" href=""#bSize"" style=""display:none"" target=""_blank"" class=""se_map_link __se_link"" data-linktype=""map"" data-linkdata=""{&quot;eventTarget&quot;:&quot;button&quot;,&quot;didSearch&quot;:&quot;false&quot;,&quot;searchEngine&quot;:&quot;NAVER&quot;,&quot;locationId&quot;:&quot;15161297&quot;,&quot;latitude&quot;:&quot;38.0069316&quot;,&quot;markerLatitude&quot;:&quot;38.0069316&quot;,&quot;markerLongitude&quot;:&quot;128.7306508&quot;,&quot;title&quot;:&quot;기사문항&quot;,&quot;longitude&quot;:&quot;128.7306508&quot;}"">지도보기</a> 지금와서 겨울 양양을 적으려니 아주 새롭지만 4개월 전의 기억도 새록새록 나는 것이 신기하다 이 다음 포스팅에서는 또 다른 풍경을 볼 수 있을 것! 투비컨티뉴 :)']",http://blog.naver.com/PostView.nhn?blogId=suri_world&logNo=221264877009&redirect=Dlog&widgetTypeCall=true&directAccess=false
3,2018-09-01,Easy_zero_moment L...,"["" '18 년 9 월 8 일 ~ 9 월 10 일 지난 주말, 양양 기사문 펀서프에 다녀왔다. 토요일 서핑 강습만 예약하고 떠났던 나. 월요일까지 머물다 돌아왔다. 서핑앓이,, 한달,,, 혼자라도 가야겠다싶어 #서프엑스 매니저님께서 운영하시는 #펀서프 를 예약하고 양양을 향해 열심히 밟았다,,ㅎ 펀서프를 선택한 이유는 간단했다. 발리에서 두번, 서피비치에서 한번 경험뿐이라 제대로 강습을 받아보고싶기도 했고 후기 보면 강사님들도 너무 친절하다고 했다. 다른곳과 다르게 소수로 강습하고 계속 봐주신다고 해서 다른곳을 서칭할 이유가 없었다. 미리 이야기하자면 펀서프에서 강습받고 좋은 분들을 만나 너무~너무너무! 만족만족 대만족했고 서핑에 더 빠져들게 된 것 같다. (가격 및 상세내용은 포스팅 하단 참고) 강습시간은 10시, 1시, 3시가 있고 오전에 강습받으면 교육생과 파도에 사람이 적어서 서핑하기 좋을거란 팁을 주셨다. 그래서 10시 강습을 예약했고 차가밀리는바람에 10시 즈음 도착해 부랴부랴 안내를 받고 강습을 받았다. 덕분에 나와 친척동생 그리고 다른한분 총3명으로 강습받을 수 있었다. 사람이 적으니 한명한명 꼼꼼히 봐주실 수 있겠다던 강사님의말이 기억에 남는데 정말 좋은샵을 선택해서 다행이라는 생각이들었다. (원래는 혼자 예약을 했으나 출발 전날, 친척동생 조인!!) 아아 처음부터 조금 이야기를 하자면 도착 후, 샵 내부로 안내를 해주셨고 사이즈에 맞는 웻슈트를 하나씩 주셨다. 샵안에 샤워실/탈의실에서 갈아입으라고 안내해주셨고 들어가니 옷이나 샤워용품들을 넣어둘 수 있는 개인사물함이 있었다. 웻슈트를 입고 선크림좀 다시 바르고 다시 마당으로 나오니 강사님께서 보드두개를 준비해주셨다. 그렇게 보드 들고 바다로 출동! 바다에 들어가기 전 지상에서 보드 명칭부터 자세 그리고 서핑 룰에 대해 한시간 정도 강습을 해주셨다. 그리고 바다로 들어가 한명한명 피드백을 주며 가르쳐주셨는데 처음에는 파도위에서 밀어주시면서 자세에 대해 일일이 피드백을 해주셨고 (ex. 일어날때 시선을 앞을 봐야한다든지, 보드의 중심이 오른쪽으로 치우쳐있으니 다음번에는 중심으로 해야한다든지..) 테크오프 뿐만아니라 파도를 보는 법, 보드에 앉아 방향전환하는 법, 밀어서 파도 타는 법 여러가지 팁도 공유해주셨다. 강습은 그렇게 마무리됐고 배운걸 토대로 연습 하면서 자유 서핑을 하라고하셨다. 해 지기 전, 일곱시정도까지 서핑을 즐길 수 있다고해서 신나게 파도를 탈 수 있었다. 강습받고 시간제한 없이 보드를 이용할 수 있다는 것도 펀서프만의 메리트인 듯했고 자유 서핑을 하고 있을때도 강사님이 틈틈히 봐주시고 밀어주시고 한마디씩 해주셔서 너무나 감사했다! 아침도 안먹고 출발했고 열시즈음 도착하는바람에 정신없이 강습을 받았던 우리. 강습을 마치고 조금타다가 양양 기사문 38휴게소 에서 점심도 먹고 쉬어가기로 했다. 휴게소안에 GS편의점도 있었고 여러 식당도 있었는데 분식이 땡겨서 분식을 먹기로했다. 와 JMTGR ! 존맛탱구리 ! 서울로오기전 떡볶이랑 닭강정 한번더 먹고올려고했는데... '이번주에가서 또 먹어야지' 할만큼 맛있었다. 휴게소에서 밥을먹고 나오니 양양 기사문 해변은 서핑하는 사람들로 북적북적. 미리 먹거나, 좀 나중에 먹더라도 사람없을때 연습할껄~ 하는 생각이 들었지만 그래도 동생하고 서로 웃고떠들면서 하나씩 감을 잡아갔다. 발리때보다 체력이 좋아졌다고 친척동생한테도 칭찬받았다!! 근데 살은 왜 점점 찌냐ㅠ 파도가 쌔지는 않았지만 초밥인 내가 연습하기 좋았다. 아참, 그리고 바다수온은 한계절이 느려서 가을이 서핑하기 더 좋다는 사실을 알아버린 나샛기,, 앞으로 더 서핑앓이가 시작될 듯 하다. #양양기사문 #기사문해변 #기사문항 #펀서프 #funsurf 생각보다 물도 맑아 퐁당퐁당! 서핑하러간다면 슬리퍼는 필수템이지요. 차에 항상 싣고다녀야지! 엄마한테 사진한장 보내줬더니 해녀아니냐고 ;;; ㅇㅇ ,,,, 살뺄게 ,,, 열시부터 강습받고 점심먹고 좀 더 타니 네시쯤 되었나. 샤워실에 사람이 많을 것 같기도하고 이제 점점 체력도 딸려 그만 타기로 했다. 펀서프 사장님께서 오늘은 (토요일) 파도가 얕지만 내일은 (일요일) 파도가 있어서 서핑하기 좋을 거라 이야기하셔서 내일을 기약하며 마무리! ㅋㅋㅋㅋㅋㅋㅋㅋㅋㅋㅋㅋㅋㅋㅋㅋㅋ ㅋㅋㅋㅋㅋㅋㅋㅋㅋㅋㅋㅋㅋㅋㅋㅋㅋㅋㅋㅋㅋㅋㅋㅋㅋㅋㅋㅋㅋㅋㅋㅋㅋㅋㅋㅋㅋㅋㅋㅋㅋㅋㅋㅋㅋㅋㅋㅋㅋㅋㅋㅋㅋㅋㅋㅋㅋㅋㅋㅋㅋㅋㅋㅋㅋㅋㅋㅋㅋㅋㅋㅋㅋㅋㅋㅋㅋㅋㅋㅋ 친척동생은 금세 이꼴 자연산 장갑도끼셨고 양말도 신었더라 너무 웃겨서 한참을 웃었다 . 나는 발리에서 잘 못 태웠던 터라 계속 체크하면서 물속에있었는데 아주 쌤통이였다 펀서프로 돌아와 씻고 잠시 쉬다나오니 바베큐 파티를 한다고했다 . 밖에 나가서 뭘 먹고오면 술도 못먹으니 우리도 바베큐 파티에 참석하기로 했다 ! 양양 기사문 바람이 참 웃긴게 서핑탈때는 그렇게 햇빛이 쬐더니 해가 뉘엿 저물어가니 매섭게 바람이 불더라. 그래도 챙겨온 맨투맨티가 있어서 참 다행이였다. 펀서프 바베큐파티는 1인당 20,000원이고 강사님들께서 직접 계속 무제한으로 구워주셨다. 고기 질도 좋고 맛도 좋고 분위기도 굿! 사실 그 무엇보다 좋은 사람들을 만나게된 게 제일 좋았던 것 같다. 바베큐파티를 하다가 바다소리도 듣고싶고 바다바람도 쐬고싶어서 산책을 나갔다가 마주한 기사문항 표지판. 알딸딸하게 술이 올라서그런지 이것마저 감성적으로 보였다,,ㅎㅎㅎㅎ 그렇게 감성 타령하면서 38휴게소에서 한잔 더 하고 돌아와 뻗었던 우리. 다음날 알고보니, 다른분들은 세네시까지 드셨다던데.... 크,,,, 다음엔 체력을 정말 키워와야겠다고 생각했다. (1일차 일기 끝) 눈 뜨자마자 바닷가 ! 정말 왜 이리도 물이 좋을까 . 오전보다 오후에 파도가 높게 뜬다고 했지만 물에만 둥둥떠도 좋아 , 웻슈트 갈아입고 바다로 향했다 . 친척 동생하고 혼자서 파도를 잡아타는걸 연습 또 연습했다. 초밥,, 잘 타고 싶다,,, 그렇게 몇시간을 바다위에 둥둥하다가 세시쯤 파도가 들어온다고 하여 점심을 먹고 쉬다 다시 입수하기로 했다. 기사문 맛집이라고 알려진 곳들은 '메뉴가 하나밖에 안된다.' '슈투입고 못들어온다.' '오늘은 재료가 없다.' 해서 죄다 빠꾸 잼. 그래서 무엇을 먹을까하다가 편의점은 그만먹고싶어서 벽에 걸린 현수막을 보고 네네치킨을 시켜먹었다. 그리고 세시에 다시 입수! 그저 둥둥 보드에 앉아있는 것 만으로도, 보드위에서 밀려 나가는 것 만으로도 너무너무 파도가 좋아 너무너무너무 재밌었고 너무너무 신이났다. 잘 타시는 분들 보기만해도 좋았고 나도 파도보는 법, 골라타는 법을 어여 잘타고 싶다는 생각이 들었다 . 힁 운동도 체력도 꾸준히 키워야함을 절실히 다시한번 느꼈다 ... 그렇게 세시간정도 또 신나게 파도를 탔다. 후반부에는 파도가 워낙 크기도 했고 부셔져서 보드를 잡느라 손바닥이 요모양 요꼴. 닿기만해도 아프고 지문이 없어지는 기분이랄까 ㅋㅋㅋㅋㅋㅋㅋㅋㅋㅋㅋㅋㅋㅋㅋㅋㅋㅋㅋㅋㅋㅋ 스펀지 보드에 쓸려서 그렇다고 영광의 상처로 생각하라고 하셨다. 요령이 없어서 그랬나싶어 다시 타면 조심해야지! 씻고 나와 다시 기사문해변 구경하기 . 저런 파도에도 정말 잘 타시는 분들 리스펙스러웠다 . 아참 , 양양 기사문 펀서프 는 다른 서핑샵들과는 다르게 해변을 마주보고 있는게아니라 뒷편에 자리잡아 펀서프만의 운치랄까 , 무튼 갬성 ~ 이 있었다 . 사장님께서는 다른샵보다 넓을거라고 하셨는데 다른샵은 안가봐서 모르고요 ,, 무튼 , 뒷문쪽에 별도로 주차할 수도 있고 벽화도 이쁘게 그려져있어서 가만히 앉아서 바람만 쐬도 참 좋았다 . 펀서프 강습 및 이용 / 대여 가격은 위 사진 참고 ! 커피 , 음료 , 맥주 , 과자 , 라면 등도 샵안에서 해결 할 수 있어 좋을 듯 했다 . 나는 편의점에서 사둔것들이 있어 샵에서 사먹진 않았지만 나중엔 편하게 샵에서 이용 해보련다. 샵 내부에는 이렇게 대기하거나 쉴 수 있는 공간이 있었고 보드게임도 구비되어있어서 터미널 차 타러 가기전에 담소도 나누고 시간도 보내는 듯 했다. 게스트하우스는 1박 가격 20,000원. 저렴한 만큼 기본에 충실한! 딱 잠자리에 알맞는 숙소였다. 더도 덜도말고 잠자기 부족하지 않은~~~ 아참, 이걸 빼먹을 뻔 했다. 첫째날은 펀서프에서 바베큐파티를 했고 둘째날은 무얼 먹을까하다가 횟집을 선택했다. #남애처녀횟집 이라는 남애항에 있는 곳인데 가성비하며 신선도까지 너무 만족스러웠다. 스끼다시도 스끼다시지만 시그니쳐 양념 그리고 모든 서비스가 굿원이였다! 80,000원 광어 우럭만 시켰는데 조개탕, 해삼, 어죽, 매운탕까지 나옴! 원래 친척동생하고 둘이가려다 샵에있던 게스트 한명 데리고가서 먹었는데 셋이 먹고도 남을 양이여서 더 좋았다. 게스트 동생이 추천해준 곳인데 지난번에 사장님과 함께 왔었던 곳이라 믿고 먹는 곳이였달까! 나중에 강원도 여행오면 엄마랑 아빠 꼭 모시고와야지. 그렇게 배터지게 먹고 다시 펀서프 복귀. 나는 연차쓰고 하루 더 머물기로했다. 점점 게스트들은 서울로 향하고 사장님과 남은 게스트분들과 맥주 한잔 하며 두번째날을 마무리했다. 그리고 펀서프 마스코트 우유. 너무 귀여운데 너무 냄시나.... 다음주에가면 씻고있길 바라...... ( 2 일차 일기 끝) 양양 기사문에서 3일째 아침. 전날 너무 재밌게 탔던 터라 파도가 좋으면 타려고 했는데 어휴우우우!!! 이건 전날보다 더 높아!!! 들어갔다가 통돌이 당하겠다 싶어 다음을 기약하며 서울로 향하기로 했다. 서울로 향하는 길 , 날씨도 참 맑았네 ! 즐 겁고 행복했던 양양 기사문 펀서프에서의 2박 3일 . 안녕 ! ㅎㅎㅎㅎ매주 출석도장찍을예정""]",http://blog.naver.com/PostView.nhn?blogId=zi02_&logNo=221359139562&redirect=Dlog&widgetTypeCall=true&directAccess=false
4,2019-11-01,양양군청 공식블로그,"[' 양양 기사문 해변에서 KBS2 생생정보 미스터리 사진한컷! 대한민국 촬영 양양 기사문 해변 삼형제바위 일출 명소가 드디어 방송을 탓습니다. 일주일 전 인가요. kbs 방송국 작가님이 e-mail이 왔습니다. 방송 프로그램 미스터리 사진 한컷 대한민국 현장을 찾던중 블로그에서 양양 기사문 삼형제바위 일출을 보고 아름다운곳으로 선택이 되었다며 연락이 와서 촬영 당일 현장에서 상세한 설명과 포인트를 알려 드리겠다고 약속을 하였다. \u200b 일출은 날씨와 아주 민감한 관계로 3일 동안 촬영을 하기로 하고 14일 ~16일까지 촬영을 하기로 하여 14일 아침 기사문 주차장에서 새벽 6시에 만나기로 약속 하고 현장에 도착을 하니 갑작스런 기온 하강으로 영하의 날씨에 바닷 바람은 세차게 불어 손과 귀가 시릴정도 오늘이 또 수능시험날 이었네요. \u200b 그렇게 미스터리와 촬영기사님과 조인을 하여 기사문 해변으로 향해 포인트를 잡고 현장 설명을 나누고 일출을 기다리며 삼형제바위 일출 사진과 오늘의 일출 포인트가 일치 해야 한다는 이야기를 나누면서 일출 사진을 모두 담고 보니 견본 사진과 첫날 일출 사진을 보니 별로 마음에 들지 않는다. \u200b 15일 오늘 아침도 마찬가지 새벽 6시에 만나 어제 찍든 현장으로 향했다. \u200b 기사문 해변 삼형제바위 오메가 일출 기사문항을 알리는 네온싸인 등이 색벽 어두운 밤을 화려하게 손짓을 하고 있네요. 기사문 해변에서 오른쪽 해변 끝을 보게되면 작은 갯바위가 가지런히 삼각봉으로 이어진 이곳이 기사문 일출명소인 삼형제바위 일출 포인트가 되겠습니다. 미스터 리 사진한컷 대한민국의 프로에 등장할 기사문 해변 삼형제바의 일출 촬영 포인트가 되겠습니다. 어두운 역광이지만 열심히 일출 촬영 준비에 열중 하고 있는 미스터 리 어제 아침과 오늘 아침을 함께 하면서 미스터리를 만나 보니 영상에서 보는것과는 전혀 다른 핸섬하고 성격도 좋고 멋진 미스터 리 였습니다. 이제 모든 준비는 완료 일출만을 기다리고 있습니다. 이게 웬 일입니까. 어제는 조각 구름으로 삼형제바위를 뒤덮고 있었는데 오늘은 너무도 뜻밖의 기대로 너무 감동적인 아침을 맞이하게 해 주시는 오여사님 감사합니다, 미스타리와의 멋진 추억을 만들어 주셔서 더욱 감사했습니다. 이렇게 해서 뜻밖의 오메가 일출을 만나는 것은 사진가들이 이야기 하는 말로는 삼대가 덕을 쌓아야만 볼 수가 있다는 영광의 오메가 일출을 보게 되었습니다. \u200b KBS 2 생생정보 미스터 리 사진한컷 대한민국과 양양 기사문해변 삼형제바위와 좋은 인연이 아닌가 생각해 봅니다. 미스터 리와의 멋지고 아름다운 추억의 사진 한장이 되겠습니다. 2일동안 차거운 새벽 바람을 맞으며 수고가 많았습니다. 늘 건강하시고 즐겁고 멋진 프로그램 쭉 ~~ 이어 가시기 바랍니다. 미스터 리 오늘의 미션 사진 KBS 2 생생정보 미스터리 사진한컷 대한민국 \u200b 방영시간 11월 19일 18시 30분 입니다. 많은 시청 부탁드립니다. \u200b 기사문해변 강원도 양양군 현북면 기사문리 기사문해변 삼형제바위 일출포인트 강원도 양양군 현북면 잔교리 #강원도일출명소 #양양일출명소 #KBS생생정보미스터리사진한컷 #미스터리사진한컷대한민국 #미스터리사진한컷촬영지 #KBS생생정보일출촬영지 #기사문해변오메가일출 #삼형제바위오메가일출 #고맙다양양']",http://blog.naver.com/PostView.nhn?blogId=likeyyang&logNo=221709426743&redirect=Dlog&widgetTypeCall=true&directAccess=false
5,2020-02-01,세계인의 세계여행 다이어리...,"[' 안녕하세요 세계인입니다 요새는 앱테크에 빠져있습니다 전 출퇴근 합쳐서 하루에 약 3시간 정도이다 보니 매일매일 회사보다 출퇴근에서 더 지치곤 했었는데,, 이 지루한 시간에 뭘 할까 하다가 우연히 어느 포스팅을 보았고 그로 인해 앱테크의 길로 접어들었습니다 하루에,, 한달에,, 정말 소박한 금액이지만 멍때리고 있는것보단 나름 재밌네요 ㅎㅎ 기사문해변 강원도 양양군 현북면 기사문리 2018년 7월의 어느 평일,, 와이프의 배가 꽤 많이 나왔었던 날이었습니다,, 임신 7개월로 검진을 가느라 둘 다 연차를 쓴 한가로운 평일이었어요 아침일찍 병원에 다녀와서 정말 즉흥적으로 우리 뭐하지 하다가 양양 기사문까지 오게 되었습니다,, 7월의 중순이었음에도 비가 추적추적 내려 날이 덥기보다는 약간 쌀쌀하기까지 했던 날로 기억합니다,, 완전 여름도 아닌,, 게다가 평일이어서인지 기사문은 사람도 별로 없고 굉장히 한적했어요 기사문 해변은 서핑붐이 여전했습니다 어느샌가 우리나라에도 서핑이 자리를 잡더니 양양 일대가 서핑 메카로 거듭났죠 이때도 나이를 불문하고 꽤 많은 사람들이 서핑 강습을 받고 있었습니다,, 임신을 하지 않았다면 우리도 함께 서핑 강습을 받고 서핑을 해봤을테지만 여기에 왔다는 것에 의의를 둡니다,, 주말이 되면 이 파라솔은 전부 펼쳐져 장관을 이루었겠지요,, 누군가 텐트를 쳐놨습니다 우리도 텐트가 있었으면 서성거리지 않았을텐데,, ㅋㅋ 비를 머금은 모래사장과 테이블의 모습에서 쓸쓸함마저 느껴집니다,, 그래도 추운 겨울보단 낫네요 ㅎㅎ 서핑이 쉽지 않은가 봅니다 저도 한번도 해보지 않았지만 발리나 하와이에서도 보면 잘 타는 사람보다는 익숙치 않은 사람들이 더 많았어요 그래도 엄청 재밌어 보여 부럽기도 했습니다,, 모래사장에 앉아계신분께 슬쩍 물었습니다 이 날씨에 춥지 않냐고,, 저 서핑복이 의외로 많이 따듯해서 괜찮다고 하네요 더 하고 싶어졌었습니다 ㅋㅋ 어떻게 하면 더 잘 탈 수 있을까에 대한 논의를 하는 걸까요 확실히 다른 해변에 비해 기사문의 파도가 더 강하게 느껴져 서핑에 알맞은것 같기도 했어요,, 서핑효과 덕분인지 기사문 해변가 도로변에는 아기자기하고 분위기있는 감성카페들이 많이 있었어요 이국적인 모습마저 느껴집니다 시드니 본다이 비치나 맨리 비치 주변의 가게들의 느낌도 살짝 나고요,, 검색을 하다보니 기사문 해변 근처에 수제 햄버거 맛집이 있다고 해서 찾아왔습니다,, 이름이 파머스 키친이었어요 햄버거를 주문하고 만드는 건물이 있고 그 옆에 있는 건물 2층에 앉아서 먹을 수 있는 곳이 마련되어 있습니다,, 카운터와 주방 옆에 테라스에서도 캠핑 느낌으로 햄버거를 먹을 수 있습니다,, 옆건물 2층의 모습입니다 사람이 저희밖에 없었어요 역시 평일의 여유는 엄청납니다,, 하와이에서 먹었던 맥주가 있어 햄버거와 같이 주문했습니다 아,, 이 햄버거 아직도 맛이 생각납니다 ㅠ \u200b 다음 포스팅은 남태평양 팔라우로 떠납니다,,']",http://blog.naver.com/PostView.nhn?blogId=4sproject&logNo=221807943425&redirect=Dlog&widgetTypeCall=true&directAccess=false
6,2019-08-01,집순이의블로그,"["" \u200b \u200b \u200b \u200b 1박 2일이지만 2박 3일같은.., 그러나 정작 서핑은 2시간밖에 못한 호다닥 우당탕탕 서핑체험기. \u200b \u200b \u200b 인천 주안역 -> 양양 기사문해변 (38마린리조트) -> 곤드레밥식당 -> 일산복귀 양양 기사문해변 1박2일 서핑강습 체험기 \u200b \u200b \u200b 나는 뚜벅..,뚜벅.. 열심히 살아가는 뚜벅초이기 때문에 수딩언니의 차를 얻어타려고 금요일 퇴근 후에 주안으로 향했다. 무려 두 시간이 걸리는 대장정. \u200b \u200b \u200b \u200b \u200b 엘모 ㅎㅇㅎㅇ \u200b \u200b \u200b 얼마전 웹서핑하다 보고 꽂혀서 9천원밖에 안하길래 바로 구매해벌인 엘모가방. 딱 화장품조금, 지갑, 에어팟 정도 들어감. 편하게 여행갈 용으루다가.., 난 너무 귀여운데 주위사람들이 다 싫어함 흑흑. 존중을 취향해주시죠! \u200b \u200b \u200b \u200b \u200b 우여곡절 끝에 수딩언니네 도착해서 하룻밤을 자고, 다음날 10시에 주안을 출발. \u200b 어제 네비 찍었을때는 분명 3시간 걸렸잖아.. 카카오 네비야 우리 좋았잖아.., \u200b 근데 왜 5시간 13분 뜨는건데.. \u200b \u200b \u200b \u200b 간G 오G는 Gㅔ네시스 \u200b \u200b \u200b 가도가도 시간이 계속 늘어나서 죽을뻔했다. 교훈 : 주말에는 되도록 일찍일찍 다니자. \u200b 그래도 첨 타본 G70이 너무 좋아서 신기했다. 의자 조절하는게 왜 전자동이에요,.,? 자본주의 최고다 돈 만만세다. \u200b \u200b \u200b \u200b \u200b 잠깐 하나로마트에 들러서 10분만에 초스피드로 장을보고 숙소에 도착했더니, 서핑하러 온 사람들로 인산인해라 주차가 완전 난리도 아니었다. \u200b 이러다 네 시로 예약해둔 강습을 놓칠것 같아서 사장님께 키를 맡기고 우리는 후다닥 탈의 후 내려왔다. \u200b 서핑 가기 전에 잠깐 카운터에 앉아서 다치는 것에 대한 서약서 (번지점프같네요...) 를 쓰고 몇가지 안전수칙에 대한 설명을 듣는다. \u200b 너무 정신없어서 사진 찍을 정신도 없었다. \u200b 보드를 드는법, 발목에 안전장치 연결하는법, 가면 안되는 구간 등을 설명해주시는데 너무 피곤해서 귀에는 잘 들어오지 않았다. \u200b \u200b 설명이 끝나고 서핑수트 준비하신다고 어떤 분이 들어와서 우리를 보더니 (수딩, 담이, 오송) S, S, S.. (나를 흘끗보더니) M.. 이러고 나가셔서 열받음 쒸익쒸익.., \u200b \u200b \u200b 양양 기사문해변 핫핫 양양서핑스팟 \u200b 기사문해변입구 강원도 양양군 현북면 기사문리 \u200b \u200b \u200b 보드양반이 너무 커요.. \u200b \u200b \u200b \u200b 설명을 들은대로 보드를 2인1조로 영차영차 들고 해변까지 간 후에는 보드 올라타는법을 배운다. 보드... 스티로폼이라 엄청 가볍게 봐쓴데.. ^^.. 해변까지 가는데 억겁의 시간같이 느껴짐.., \u200b 덕분에 지금 겨드랑이부터 팔쪽에 알이배겨서 뚝딱거리는중.. \u200b \u200b \u200b \u200b 헤헤 \u200b \u200b \u200b 방수팩을 챙겨갔어도 보드 타는 중에는 찍을수가 없어서 다 타고 나서 인증샷으로 대체. \u200b 처음에는 모래사장 위에서 보드위에 올라가는법, 위에서 중심잡는 법을 배웠다. \u200b 보드 배꼽을 잡고 힘으로 땡겨서 올라간 후에 중심을 잡고 엎드려서 무게중심을 뒤로잡고 일어나는건데, 강사님이 한명씩 다 시켜봤는데 내가 제일 이상해서 몇번 더 시켜보셨다 흑흑. \u200b 보통 근데 이런거 초보자한테 가르칠때는 처음이니까 못해도 괜찮고 안전에 유의하라고 하지않나..? 이 강사님은 무게중심 잘못잡으면 꼴이 아주 우습게 넘어지게 된다고 겁주셔서 당황했다 ㅋㅋㅋㅋ 않이.., ! 그럼 누가 과감히 올라서냐구욧.., \u200b \u200b \u200b \u200b 성공적인 서핑샷. \u200b \u200b \u200b 대충 배우고서는 보드를 잡고 파도속으로 들어가는데 강사님이 계속 뒤에 잡아주시고 파도 잡을 타이밍을 알려주신다. \u200b 처음 몇번은 실패했는데 그다음부터는 알아서 잘 섬. 새로운 적성을 찾음 (?) 이게 운동 잘하는거랑은 상관없고 균형감각이 중요한듯. \u200b 아무래도 초보자라서 혼자 파도 잡기는 어려울거라고 하셨다. 그리고 사람 너무 많아서 가만히 있어도 막 보드들이 튀어올라서 날 때림 ㅠㅜㅠㅠㅠ 보드 간수 잘 하시라고요~~~ 아시겠어요~~~? \u200b \u200b 우리 거의 다 균형 잘잡아서 강사님이 다들 잘 하신다고 칭찬해주셨다 뿌듯뿌듯. \u200b 근데 우리 넘어질때마다 함박웃음 지으심.. ^_______^ ..? \u200b \u200b \u200b \u200b 단체샷 \u200b \u200b \u200b 보드 위에서 서는것보다 보드타러 파도 안으로 들어가는게 더힘듬.., 체력고갈.. \u200b 두시간 여의 서핑을 마친 후에 같이 강습한 여자 두분에게 사진을 찍어달라고 해서 단체사진 찍기! \u200b 우리는 총 여섯명이서 강습받아서 만족스럽게 탈 수 있었는데 지나가면서 보니까 다른 서핑샵은 막.., 한번에 24명씩 듣고 그럼.., 아니 뭐 제대로 배우기나 하겠어요? 고급반인가? \u200b 하루종일 먹지도 못하고 두시간동안 파도를 막 헤집고 다니니 너무 배고 고파서 빨리 보드를 정리하고 숙소로 귀가. 정말 다행인게.., 보드를 다시 숙소까지 안들고가도 되어서 다행이었다.., 만약 보드를 다시들고갔으면 팔한쪽은 나갔을 게 분명함. \u200b \u200b \u200b \u200b \u200b 우리는 서핑샵 = 숙소라서 물놀이를 마치고 바로 숙소에 올라가 옷갈아입고 씻을 수 있었다. \u200b \u200b 넘 편하고 죠왕. \u200b 나랑 수딩언니는 먼저 씻고 바다 구경도 할겸 편의점에 다녀오려고 길을 나섰다. \u200b \u200b \u200b 몸매 무엇..? \u200b \u200b \u200b \u200b 언니 나랑 키 똑가튼데 비율 무엇이죠. 다리를 건너는데 바다랑 뉘엿뉘엿 저무는 하늘이 너무 예뻐서 사진을 안찍을 수가 없다. \u200b \u200b \u200b \u200b 38선 휴게소로 가는길. \u200b \u200b \u200b 가시문해변 끄트머리에 있는 38선 휴게소 안에는 규모가 꽤 큰 GS편의점이 있다. 안에 바다가 정면으로 보이는 꽤 넓은 자리가 있어서 앉아서 밥먹기도 딱 좋음. \u200b \u200b \u200b 천천히. \u200b \u200b \u200b 프레임 안에' 천천히' 를 담는 걸 좋아함. 여행지에서 가져야할 태도. \u200b \u200b \u200b 뚱바 \u200b \u200b \u200b 맥주랑 과자랑 등등 장보고 오는길에 다시 등대 한번 담기. 역시 씻고 개운한 상태에서 먹는 뚱바는 꿀맛이야. \u200b \u200b \u200b 물길 \u200b \u200b \u200b 가운데에 물길이 있는데 아이들은 파도가 위험해서 여기에서 많이 노는것 같았다. \u200b \u200b 장을 보고 오니 나머지 애들이 고기랑 이것저것 들고 내려와서 바베큐 세팅! \u200b \u200b \u200b \u200b 38 마린리조트 양평 서핑할수 있는 숙소 \u200b 38마린리조트 강원도 양양군 현북면 동해대로 1280 \u200b \u200b #양양서핑 #양양숙소추천 #양양서핑강습 #양양숙소 \u200b \u200b \u200b 차곡차곡 정리되어 있는 수트와 보드들 \u200b \u200b \u200b 우리가 배정받은 자리는 바다쪽과 가까운 외곽자리. 너무 덩그러니 있는거 아닌가 싶었는데 안쪽은 사람들이 파티를 하는지 너무 시끄러워서 딱 좋았다. 조용하구. \u200b \u200b \u200b \u200b 이거 어떻게 굽나여.., \u200b \u200b \u200b 목살/삼겹살/항정살 한팩씩 샀는데 겉은 타고 속은 안익어서 어찌할바를 모르는중. \u200b \u200b \u200b 고기 타자나.., \u200b \u200b \u200b 못굽이1과 못굽이2의콜라보. \u200b \u200b \u200b 목살 굽는 송2 \u200b \u200b \u200b 이땐 고기가 이렇게 안익을줄 몰랐지요.., \u200b \u200b \u200b \u200b 셀카맛집 \u200b \u200b \u200b 조명이 바로 위에 있어 셀카 삼매경. \u200b \u200b \u200b 고기 + 라면 = 100점, 아니 10000점. \u200b \u200b \u200b 고기 굽는동안 수딩언니와 담2가 끓여온 라면. 처음에 언니가 두개만 끓인다고 해서 송2가 네개 다끓여야된다고 하고, 결국 절충해서 3개 끓여옴 ㅋㅋㅋㅋㅋㅋㅋㅋㅋㅋㅋㅋ 두개 끓였으면 젓가락 빨 뻔 했는데 지금! \u200b \u200b \u200b \u200b \u200b \u200b \u200b 다들 운전때문에 술은 조금만. (난 그냥 못먹어서 조금만!) \u200b \u200b 그래도 굽다보니 어찌어찌 다 먹어져서 샤샥 정리하고 2차를 위해 숙소 방으로 올라왔다. \u200b \u200b \u200b 오랜만의 속세과자.., \u200b \u200b \u200b 다이어트중이라 과자 끊었었는데 오랜만에 폭주. 츄럿이랑 홈런볼이랑 꼬북칩 왜자꾸 들어가는고야.., \u200b 배부르게 먹고나니 너무 피곤하고 어지러워서 사람들 호텔 델루나 보는 사이에 잠들었는데 새벽 3시쯤에 머리가 너무 아파서 일어났다. \u200b 숙취인줄 알았는데 (써머스비 반캔에 이정도 숙취라고요?) 덜익은 돼지고기 때문에 탈이 났는지 급체를 했는지 계속 토하고 잠도 못자고 한시간을 빌빌거리다가 겨우 잠들었다. \u200b 다행히 토하고 나니 두통이 조금 괜찮아져서 병원은 안가도 되겠다.., 싶은게 다행으로 느껴짐. 일요일에 집에 못갈뻔 했잖아... \u200b 이와중에 오랜만에 먹은 맛있는 것들을 다 게워낸게 억울한 나 .. ㅠㅠㅠㅠ \u200b \u200b \u200b \u200b \u200b 아침이 밝아오고, 다들 슬그머니 일어남. \u200b \u200b 머리를 안말리고 화장도 대강 하는 나랑 수딩언니는 애들 준비하는동안 바다구경하러 앞바다로 출동. \u200b \u200b \u200b \u200b 탁 트인 전경 \u200b \u200b \u200b 오전이라 사람이 없어 조금 더 진해보이는 바다색깔. \u200b 그래도 부지런한 서퍼들은 벌써 나와서 파도를 잡고 있었다. \u200b \u200b \u200b \u200b \u200b \u200b \u200b \u200b 아침 햇살이 바스라지는 예쁜 파도무리. \u200b \u200b \u200b \u200b \u200b \u200b \u200b \u200b 딱 사람이 저정도로만 있으면 서핑 배우기도 편했을텐데 어제는 너무 많았어. \u200b 서핑 하실분들은 부지런하게 오전에 오시는걸 추천드리는 바. \u200b \u200b \u200b \u200b \u200b \u200b \u200b 나는 단순해서 날씨가 좋으면 기분이 좋은 사람임ㅁ;ㅣ다. \u200b \u200b \u200b \u200b \u200b \u200b \u200b \u200b 좁지만 파도는 만만치 않은 가시문 해변. 어제보다 더 높은듯. \u200b \u200b \u200b \u200b 이거 걍 화보 아닙니까.., \u200b \u200b \u200b 아이폰 인물모드로 찍은게 보람있는 사진. 서로 바다에서 사진 한장씩 남겨주기. \u200b \u200b \u200b 북한 같네요.., \u200b \u200b 흡.., 북조선 스러운 배경. 천천히 바다구경을 마치고 돌아가니 애들이 준비를 다 해서 일정을 논의했다. \u200b \u200b 어제 운전하면서 데이기도 했고 다들 일정도 있는 터라 일찍 출발하기로 얘기가 정리됨. \u200b 원래는 속초에 들러서 물회를 먹고 가기로 했는데 나도 속이 안좋고 속초를 가면 무려 1시간 30분이 더 소요되길래 과감히 패스하고 바로 귀가하기로. \u200b 했었는데! \u200b 송희 차 밧데리가 나가는 바람에 보험사 부르고 기사님 오시는동안 밥먹으러 갔다. \u200b 선택의 여지가 없는게 여기가 너무 외져서 식당이 몇개 없음.. 곤드레.. 시른데..어카지.. 하고 들어간 밥집. \u200b \u200b \u200b 곤드레산나물밥집 양양 기사문해변 의외의 맛집 #양양맛집 #기사문해변맛집 \u200b 곤드레산나물밥집 강원도 양양군 현북면 동해대로 1292 \u200b \u200b 생각보다 잘나오는 한그릇요리 \u200b \u200b 서퍼들이 서핑하러 가기전에, 혹은 어제 술마신 사람들이 해장용으로 많이 찾는것 같았다. \u200b 사실 그것도 아닌게 가족들도 많이오고 그냥 밥집이 여기밖에 없음. 나는 속이 안좋아서 어쩔수 없이 안매운 황태해장국 시켜서 국물만 떠먹고, 수딩언니는 산채비빔밥. \u200b 근데 딱 봐도 때깔이 대미침. 간이 좀 쎄긴하지만 너무 맛있고 구성도 잘나옴. \u200b \u200b \u200b 곤드레정식 \u200b \u200b 두부랑 나물이랑 꽁치랑 밑반찬이 잘나온다. 넘 오래걸려서 살짝 짜증났는데 세팅되는거 보고 이해 완-료. \u200b 나는 다시 탈날까봐 먹지는 못했지만 곤드레밥에 강된장 올려서 샥샥 비벼먹는데 넘 맛있다고 했다. 나중에 엄마 추천해주면 좋아할 듯. \u200b \u200b 식사를 마치니 마침 딱 기사님이 와서 송2보내고 우리도 출발. 그나마 올때보다는 시간이 덜걸려서 3시간 13분 정도 소요된 후에 인천터미널에서 하차했다. \u200b \u200b 거기서 또 버스를 한시간 타고 다시 나는 일산으로... ^_ㅠ \u200b 정작 논것보다 차에 있는시간이 더 많고 다들 병(?) 하나씩 얻고 간 나들이었지만 서핑 너무 재밌고 날씨도 좋았다! \u200b 파티같은거 안하고 진짜 친구들끼리 재밌게 서핑하고 싶으면 기사문 해변이 짱짱인듯! \u200b \u200b \u200b""]",http://blog.naver.com/PostView.nhn?blogId=ezoned&logNo=221630412400&redirect=Dlog&widgetTypeCall=true&directAccess=false
7,2019-10-01,구기압의 여행맛집 제품리뷰,"[' \u200b 안녕하세요! 오늘은 서핑에 푸~~욱 빠진 구기압의 양양 당일치기 서핑여행 입니다. \u200b 아~ 서핑 정말 중독성 강하네요 처음 스노우보드 타던날이 생각나는... \u200b 지난 8월말 만리포에서 처음 서핑을 하고 가을이 오기만을 기다렸다가 이제야 양양으로 서핑을 하러 가게 되었어요 \u200b 우선 서해안 만리포 서핑 궁금하신분들을 위해 지난 포스팅 링크 걸어드릴께요 https://blog.naver.com/killaji/221631617176 서해안 서핑 MLP 서프 - 서핑초보에겐 이 얼마나 좋지 아니한가! 서해안 서핑 MLP 서프안녕하세요!세상의 모든 체험이 하고 싶은 구기압이예요\u200b올 초부터 쭈욱 배우고 ... blog.naver.com 이번엔 양양 당일치기 일정인만큼 하루를 꽉 채워 놀기로 작정을 했죠 \u200b 많은 일정을 사진/글로 설명해드리면 포스팅이 상당히 길어지므로 바쁘신분들을 위해서 간단하게 동영상으로 제작해 봤어요~ 1분30초로 짧으니 감상하고 가실께요~ ^^ https://tv.naver.com/v/10052236 \u200b 서론이 길었지만 본격적인 여행을 떠나볼까요? \u200b 토요일 아침 6:30 함께 출발할 회사 동료들과 수원에서 출발! 인기쟁이 내린천휴게소 토요일이라 그런지 역시 차가 막히네요 약 3시간만에 서울-양양 고속도로에서 가장 유명한 내린천 휴게소에 도착! 터널 전시관 가장 윗층인 4층 카페공간 안쪽에 있는 터널 전시관 아이들과 둘러보기 좋은장소 주문은 요기에서 새벽같이 일어나 허기진배를 채워야겠죠? 간단한 아침식사 몸이 무거우면 서핑하기 힘드니 적당히 먹습니다. 그냥저냥 먹을만 해요...그냥 휴게소 음식? ㅎㅎ \u200b 황태해장국이 제일 맛있었던 길쭉이 오징어 무려 1만원짜리 오징어... 사진찍을려고 샀어요..ㅋㅋㅋㅋ 맛은 뭐...심심풀이로... \u200b 휴게소에서 너무 시간을 지체해서 후딱 낙산사로! 역시 하늘은 가을! 양양쪽으로 놀러오시는분들은 한번쯤은 가봤을만한 낙산사 낙산사 강원도 양양군 강현면 낙산사로 100 입구부터 신난 구기압... 날씨가 좋으니 남자 넷이라도 쒼나부러~!! 뛰고 또 뛰고 같이 뛰고...ㅋㅋㅋ 물론 불당 주변에선 조용히 아차차~ 2019년 10월 현재 낙산사 입장료는 성인 4,000원입니다. 기다림의 한컷 워낙 사람이 많은곳이라 이 사진 한장을 위해 10분간 흐흑.... 해수관음불상 어마어마한 크기인 낙산사 해수관음불상 드디어 정상! \u200b 정상까지 이것저것 구경하다보면 1시간은 후딱 지나갑니다. 캬~ 이 탁트인 전경을 보면 힘들게 걸어온 수고로움이 싹~ 가시는 창문위로 보이는 해수관음불상 한적한 불당에서 구기압은 기도도 드려봅니다. 지구평화를 위해! 이글을 읽는 모든 이들의 행복을 바랍니다. 24~39살의 조합 이번 여행은 구기압이 서핑을 너무 가고싶어서 회사 게시판에 모집글을 올려서 급조된 조합...처음 말해본 친구도 있었지만 아주 즐거웠던 매표소에 있는 약수 다 구경을 하고 마른목을 축이기 위해 건배! 받아있는물 마시면 안되요~ ㅎㅎ 위에서 흘러내려오는물로 원샷! \u200b 낙산사도 구경했겠다 최종 목적지였던 기사문해변으로 서핑하러 고고고!! 곤드레산나물밥집 그전에~~~ 점심시간!!! 곤드레산나물밥집 강원도 양양군 현북면 동해대로 1292 낙산사에서 기사문해변은 25분정도 거리로 도착하니 1시가 되었네요 \u200b 주변에 횟집빼고는 간단하게 점심식사 장소가 없어서 기사문해변 입구(도로쪽)에 있는 곤드레산나물밥집으로 들어갔어요 \u200b 몸 무거워지니 간단하게 먹자 했다가 모두 폭식하고...;;; \u200b 여기 13,000원 곤드레 정식 정말 잘나옵니다. 사람 많으면 약 30분 걸리니 미리미리 가셔서 꼭 드셔보시길! \u200b 그럼 정말로 서핑하러! BIG WAVE 양양 기사문해변에 위치한 빅웨이브 서핑 빅웨이브 강원도 양양군 현북면 기사문길 29 초급강습+슈트대여+보드대여가 4만원! 주변에 2~3군데 서핑샵이 더 있었지만 매장 시설은 비슷비슷한것 같아요 \u200b 단 서해안 만리포 MLP 서프 매장이 워낙 좋아서 약간은 좁고 오래된 느낌은 받았습니다. \u200b 뭐.. 매장에서 놀것도 아니고...훗 라면!!! 라면도 비록 4,000원으로 비싸지만 서핑 후 먹는 라면은 그 이상의 기쁨을 주죠 어색의 절정 요즘 어색한 사진 연구중인 구기압... 평범한 사진보다 이런게 더 재밌는 철없는 곧 40... ------------------------------------- 최근 포스팅엔 귀차니즘으로 인해 제 글을 읽으시는분들의 안구보호를 위한 모자이크는 생략하오니 이점 양해바랍니다.. 이제 가즈아~! 비수기에는 하루에 두타임을 운영하는데 (10:00 14:00) 무려 저희 시간에 40명이 강습을... \u200b 강습은 아주 간결하고 쉽게 알려주셔서 무리없이 진행됐고(강사님들 많아요) 대부분의 사람들이  테이크오프 성공! 인싸가 되기위한 처절한 손가락질.... 이날 파고는 약......0.2M 크흐흑..ㅠㅠ 멋진 라이딩을 하고 싶었지만 그리고 멋진 영상을 남기고 싶었지만 바다가 도와주지 않네요... \u200b 그래도 처음가본 동료 3명은 물만난 하마처럼 그 잘잘한 파도를 타고 쉰났습니다. 19금 강습이 끝나고 자유서핑은 7시까지 가능하다고 하셔서 6시까지 미췬듯이 서핑 후 이 멋진 작품을 만들기 위해 마지막 힘을 쥐어짯네요... 하아...하얗게 불태웠다.... 이렇게 모든힘을 다쓰고 아까 봐놨던 라면 한그릇씩 뚝딱! \u200b 참고로 아주 낮은 파도였지만 3명의 동료들 모두 다음주에 또 가기로 했네요...그만큼 만족! \u200b 물론 그때는 파도보고 동해로 갈지 서해로 갈진.. \u200b 이걸로 포스팅 끝? 아니죠... 라면으로 허기를 달랬으니 이젠 저녁을 먹으러..ㅋㅋ 그냥 맛집 분위기 일단 양양에서 서울쪽으로 오신다면 양양시장 꼭! 들리세요 단양면옥 강원도 양양군 양양읍 남문6길 3 그중에 단양면옥/송이닭강정/고려당빵집 필수네요 비빔막국수 & 수육 순간 없음... 하아..라면 하나 먹었던 놈들 맞나? 여기 진짜 최고입니다... \u200b 이곳 정보는 별도로 포스팅 해드리겠습니다. 너무 맛집이라 맛집 포스팅이 시급 (포스팅 최하단 링크예정) \u200b 뭐 배도 채웠겠다 닭강정을 먹으러 가시죠 으응??? 알만한 사람들은 다 아는 송이 닭강정 송이닭강정 강원도 양양군 양양읍 남문5길 11-15 구기압 지인 선물용 구매 가볍게 선물용으로 3박스 사고 한박스만 먹습니다. 매운맛 닭강정 이게 18,000원 이라고????? 제 기준에선 엄청 쌉니다. 맛있습니다. 강릉 만석닭강정보다 맛있습니다. \u200b 드세요..배불러도 그냥 드세요 \u200b 근처 빵집에서 한통 비우고 동료 3명은 다시 닭강정 집을 방문했습니다. \u200b 먹어보곤 주변사람들 사다 준다고... 맛있으니 진작 사라니까 말 참 안들어..ㅎㅎ \u200b 배가 꽉 찼습니다. 소화를 시키기 위해 커피한잔이 필요합니다. \u200b 근처 빵맛집인 고려당으로~ (이곳도 별도 포스팅예정입니다.) 빵맛집 고려당 커피만 먹을려고 들어갔다가 인당 2빵씩 하고나온.. 거기다 빵이 너무 맛있어서 사장님께 양해를 구하고 매장 사진과 동영상도 촬영한... (구기압 잘했어! 블로거 다됐네 이제) \u200b 그리고 또 사장님께 양해를 구하고 송이닭강정도 빵집에서 같이 시식... 허락해주셔서 감사합니다. 맛있는빵 만들어주신 사장님 감사합니다~ 고려당 양양점 강원도 양양군 양양읍 양양로 61-1 무슨 단팥빵이....이런맛이? 와 팥 앙금 최고네요... 도넛에 팥도 역시! 팥맛이 틀리네요.. 팥빵은 뻑뻑해서 잘 안먹는데 여긴 뭐... \u200b 어찌됐건 고려당 빵 인정 막국수,수육먹고 닭강정먹고 빵에 아메리카노 한잔 이러면 저녁 끝 \u200b 어찌 글을 작성하다보니 맛집소개가 된것 같지만? 이걸로 하루 15시간 빡시게 양양 당일치기 서핑여행(?)을 마쳤습니다. \u200b 제가 작성한 포스팅 중에 가장 긴 포스팅이 되었는데 그만큼 먹을거리 놀거리 구경거리가 충분한 당일치기 여행이었고 \u200b 파도만 좋다면 다음주에 다시한번 방문할까 하네요 \u200b 빡빡한 일상에서 하루정도 자신을 위한 시간 어때요?']",http://blog.naver.com/PostView.nhn?blogId=killaji&logNo=221665244740&redirect=Dlog&widgetTypeCall=true&directAccess=false
8,2018-08-01,"퇴근 후, 야모씨","[' 출처를 밝히지 않은 글과 사진의 일부 또는 전부를 무단 도용, 복제, 전재, 발췌하는 것을 금지합니다. 블로그 저작물 무단도용, 불법사용 등의 저작권 침해는 민형사상의 처벌 및 5년 이하의 징역 또는 5천만원 이하의 벌금형에 처하실 수 있습니다. 기사문해수욕장 양양 서핑강습 겨울 산에 스노보드가 있다면, 여름 바다에는 양양 서핑이 있습니다. 둘 다 균형감각을 요하고 짜릿한 스피드와 스릴을 즐길 수 있다는 점이 닮았어요. 기상조건 및 천재 지변으로 인하여 강습 불가시 전액환불 강습비용 50% 입금 시 예약확정, 당일 예약 취소시 환불불가 양양 서핑강습 체험 코스로 바다로 나가기 전 간단하게 안전수칙, 보드의 종류, 기본 용어, 에티켓 등을 우선 배웁니다. 해변에서 손으로 모래를 긁으며 바다로 나아가는 방법도 연습하죠. 체육학 전공한 강사진 매일 09:00~18:30  양양 서핑강습 체육학 전공한 강사진의 안정적인 진행은 처음 접하는 입문자도 무리 없이 배워볼 수 있습니다. 당일 일반 5만원 / 레벨업 7만원 동해를 즐기는 방법 처음으로 보드 위에 균형잡고 서서 스탠드업을 성공하기까지 짠 바닷물을 실컷 먹어야 하지만, 한번 감 잡으면 그 다음부터는 훨씬 더 재미있고 더 배워보고 싶어지는 것이 양양 서핑이죠. 기사문해수욕장 가까운 서핑샵 보드, 수트 등을 대여하는 마린서프에서 기사문해수욕장까지는 걸어서 2~3분 밖에 안걸립니다. 주차는 인근 기사문해수욕장 공영주차장에 하면 되고요. BBQ장, 카페, 객실, 에어스트림 강의실 등 부대시설 완비 게스트하우스 38마린리조트 마린서프 같은 건물에 서퍼들을 위한 게스트하우스 38마린리조트( www.38marine.com )도 있습니다. 투숙 시 서핑샵 마린서프 10% 할인 혜택도 있다고 하니 커플, 친구들 혹은 혼자서도 양양 서핑으로 강원도 동해 바다를 즐겨보시는 것은 어떨까요?? ^^ 양양 서핑강습 마린서프 강원도 양양군 현북면 동해대로 1280 1층 101 저장 관심 장소를 MY플레이스 에 저장할 수 있어요. 팝업 닫기 \'내 장소\' 폴더에 저장했습니다. MY플레이스 가기 팝업 닫기 전화 상세보기 <a onclick=""return false;"" href=""#bSize"" style=""display:none"" target=""_blank"" class=""se_map_link __se_link"" data-linktype=""map"" data-linkdata=""{&quot;eventTarget&quot;:&quot;button&quot;,&quot;didSearch&quot;:&quot;true&quot;,&quot;searchEngine&quot;:&quot;NAVER&quot;,&quot;locationId&quot;:&quot;1872626459&quot;,&quot;latitude&quot;:&quot;38.0065215&quot;,&quot;markerLatitude&quot;:&quot;38.0065215&quot;,&quot;markerLongitude&quot;:&quot;128.7300027&quot;,&quot;title&quot;:&quot;마린서프&quot;,&quot;longitude&quot;:&quot;128.7300027&quot;}"">지도보기</a> 마린서프 강원도 양양군 현북면 동해대로 1280 38마린리조트 1층 문의전화 010-3940-0010 / 010-9380-0029 [마린서프 - 마린서프] 양양 최고의 서핑으로 양양서핑 강습 및 대여 marinsurf.modoo.at edited by 야모 copyright ⓒ 2018. 야모. all rights reserved. 출처를 밝히지 않은 글과 사진의 일부 또는 전부를 무단 도용, 복제, 전재, 발췌하는 것을 금지합니다. 블로그 저작물 무단도용, 불법사용 등의 저작권 침해는 민형사상의 처벌 및 5년 이하의 징역 또는 5천만원 이하의 벌금형에 처하실 수 있습니다.']",http://blog.naver.com/PostView.nhn?blogId=donna_fugata&logNo=221333793103&redirect=Dlog&widgetTypeCall=true&directAccess=false
9,2018-08-01,다채로운 삶,[' 다음날 우리는 서핑을 위해 양양으로 이동! 강릉에서 양양은 시외버스를 이용할 수도 있지만 우린 시내버스를 이용한다. 시외버스는 환승을 좀 자주해야돼서 시내버스가 훨씬 좋은 선택이었다. 왜냐하면 바닷길을 향해서 달리기 때문에 멋진 바다를 버스에서 편안히 볼 수 있었다. 근데 버스터미널이 핸드폰이라 달라서 다른 기사님께 여쭤보고 ㅠㅠ 땡볕에서 버스를 기다리다. 하지만 버스안은 시원해!!! 배낭여행의 묘미는 힘들지만 그만큼 즐거움과 기쁨이 배가 된다는 점. 시티 투워같은 버스였어 ㅎㅎ 창밖으로는 동해를 만끽할 수 있다. 달리는 버스에서 바라 본 동해 곤드레산나물밥집 강원도 양양군 현북면 동해대로 1292 지도보기 숙소에 짐을 맡기고 게스트 사장님께 맛집을 추천받아서 향한 곳. 그냥 맛있다 ㅡㅡ...... 정말 이번 여행은 다 맛있었어 고생해서 그런 것도 있지만 하나같이 아무데서나 먹을 수 없는 맛이야! 헝그리캣츠 강원도 양양군 현북면 기사문길 21 지도보기 그리고 헝그리캣츠 양양 기사문에 도착하자마자 사람없고 한적해서... 제대로 휴가온 느낌이 들었다. 그중에 음악과 해변을 바라보며 쉬기에 딱 좋은 장소 발견 서핑까지 시간이 남았고 몸도 피로하니 시원한 바람에 시원한 맥주와 커피 마시며 휴식을 취한다. 양양은 다른 곳에 비해 사람이 적었다. 서핑만을 위해서 온 사람들. 덕분에 우리도 제대로 휴식을 가졌다. 양양서프카페 강원도 양양군 현북면 기사문길 11 지도보기 서핑이 처음 인 우리는 강습을 받고 서핑을 타기 시작하였다. 서핑은 두말할 것 없다. 일단 가서 해봐~ㅋㅋㅋㅋㅋㅋㅋㅋㅋㅋㅋㅋㅋㅋㅋㅋㅋㅋㅋㅋㅋㅋ너무 좋아 특이 해질녘 서핑은. 어후 다른 세상이었다. 마무리로 게하에서 치맥을 시켜먹고 마무리 ㅎㅎ 이날은 정말 잊지못할 것 같다. 이날 예슬언니와 나는 서핑에 빠졋다는 ...ㅋㅋㅋㅋㅋㅋㅋㅋㅋㅋㅋㅋㅋ 잊지 못할 추억을 함께 해준 예슬언니 정말 고마워 ~~~~~~~~~~'],http://blog.naver.com/PostView.nhn?blogId=nm5216&logNo=221332655681&redirect=Dlog&widgetTypeCall=true&directAccess=false
10,2019-11-01,빛여행,"[' \u200b \u200b \u200b \u200b \u200b \u200b \u200b 가을이 겨울에게 자리를 넘겨주고 떠나는시기가 되면, 눈이 내리기 전까지는 사진가에게는 휴식기가 되어진다. 이시기에 찾아본곳은 강원도 양양 일출명소인 기사문해변의 삼형제바위 일출풍경 을 찾아보게 되었다. 기사문해변의 일출 풍경은 일출각이 바다를 향할때 기사문해변의 앞바다에 떠있는 조도라는 무인도 포인트가 아름답지만 일출각이 해안선을따라 떠오르는 시기가 되면, 기사문해변의 암초바위인 일명 삼형제바위 라는 포인트도 아름다운 풍경이 되어준다. \u200b 삼형제바위 라는 이름이 정식이름인지는 모르겠지만, 언젠가부터 기사문삼형제바위 라고들 부르기에 그저 삼형제바위라고 부른다. 여명이 바다를 비추이는시간 기사문해변에 도착해 일출각을잡고 여명의 바다를 담아본다, 오랜만에 이곳을 찾아왔다. \u200b \u200b \u200b \u200b \u200b \u200b \u200b 일명 삼형제바위 포인트를 담아본다, 오래전에는 군인들이 새벽에 들어왔다고 통제를 하기도 했었는데, 이제는 군인들은 아예 안보인다. \u200b \u200b \u200b \u200b \u200b \u200b \u200b 이무인도가 기사문해변 의 조도라는 섬이다, 일출각이 바다로 향할때 담아볼만한 강원도 양양 의 일출명소이기도하다. \u200b \u200b \u200b \u200b \u200b \u200b \u200b 다시 삼형제바위에 앵글을 맟추고 아름다운 여명빛을 담아본다, 멀리 수평선에 병풍처럼 둘러친 구름이 안타까운 날이다. \u200b \u200b \u200b \u200b \u200b \u200b \u200b 수평선의 구름띠는 안타깝지만 여명빛은 참 아름다운날 이었다. \u200b \u200b \u200b \u200b \u200b \u200b \u200b 조도와 삼형제바위를 한프레임에 넣어서 담아보고, 일출을 기다리는데 \u200b \u200b \u200b \u200b \u200b \u200b \u200b 블로그 이웃이신 아침나라님과 만나게되어 반가운 인사를 나누었다, 양양에 사시는분으로 열정의 작가님이시라고 생각한다. \u200b \u200b \u200b \u200b \u200b \u200b \u200b 아름다운 여명빛을 만끽해본다. \u200b \u200b \u200b \u200b \u200b \u200b \u200b 해가뜨기전 갈매기와 철새들이 많이 날아다닌다, 이때쯤 셔속을 높혀놓으면 날아가는 새들의 비행을 담아볼수도있다. \u200b \u200b \u200b \u200b \u200b \u200b \u200b 새들은 조도앞을지나 어디론가 날아가고 \u200b \u200b \u200b \u200b \u200b \u200b \u200b 아름다운 강원도일출 명소 기사문해변 삼형재바위 일출이 올라올 시간이 되었는데 \u200b \u200b \u200b \u200b \u200b \u200b \u200b 해는 수평선의 구름속에서 빛을 발하고있다, 수평선의 구름만 아니면 배와함께 좋은 그림이 되었을탠데, 또 아쉽다. \u200b \u200b \u200b \u200b \u200b \u200b \u200b 어찌 되었건 해는 올라오고 있다. \u200b \u200b \u200b \u200b \u200b \u200b \u200b 아름다운 강원도양양 일출명소 기사문해변 삼형재바위일출은 이렇게 아름다운 자태를 보여주었다. \u200b \u200b \u200b \u200b \u200b \u200b \u200b 이제 돌아갈시간, 아쉬웠지만 아름다웠던 일출풍경 이었다. \u200b \u200b \u200b \u200b \u200b \u200b \u200b 아쉬운 마음은 기사문 해변의 전경을 다시한번  담아보고 돌아간다. \u200b \u200b 아름다운날 이었다. \u200b \u200b 강원도일출명소 기사문해변일출 조도일출 5월 첫주는 캠핑을 다니던 후배들과 양양오토캠핑장에서 캠핑을 하기로 한달전부터 약속을 해놓아다른일정... blog.naver.com \u200b \u200b 기사문해변 강원도 양양군 현북면 기사문리 \u200b']",http://blog.naver.com/PostView.nhn?blogId=yhk424&logNo=221716349438&redirect=Dlog&widgetTypeCall=true&directAccess=false
11,2018-06-01,인생여행작가,"["" https://blog.naver.com/hallatool/221289789164 강원도 캠핑 기사문 해변 간단 간편하게 무료 캠핑을 즐기기 안녕하세요^^ 강릉 현지에서 빠른 소식을 전해 드리고자 이렇게 새벽부터 블로그를 하고 있습니다 요즘 블... blog.naver.com 1편은 위 링크로 가시고요^^ 2편은 지금부터 시작합니다. 다음날 아침 나는 아이들의 손에 이끌려 놀이터로 끌려간다. 강원도 양양 기사문해변에는 놀이터가 있다 누가 생각했는지 모르겠지만 정말 놀이터가 나를 살렸다. 놀이터는 진짜 부모들이 좋아 할 수 밖에 없다 가만히 나두면 알아서 놀기 때문이다 한마디로 그냥 '냅두면' 된다. 정말 날씨 좋다 자외선이 얼마나 좋은지 내 살은 삼겹살 구워지듯이 천천히 익어간다 놀이터에서 앉아서 핸드폰 하고 있는데 구세주님께서 오셨다. 그냥 뭐하나 싶어 왔는데 내가 내 옆에  구세주를 앉혀 놓고 바로 박차고 일어났다 기사문항 산책 간다 애들 봐라. 그렇게 애들을 아내에게 맡기고 유유자적 산책을 시작해 본다 서핑의 성지 답게 파도는 없지만 서핑샵이 많다. 제주스타일의 집도 보인다 리조트네 이제 시즌 준비중이라 그런지 약간 한적하다 좀 더 관광객을 끌어 모을 수 있는 방법을 찾아 봐야 할것 같다 약간 제주도 필이다 젊은이들은 느긋하게 바다 풍경을 즐기며 테라스에서 커피를 마시고 있다 배를 육지로 끌어 올리거나 내릴때 사용하는 리프트 게스트 하우스도 있다 요롷게 보면 제주갔다 여긴 강원도 기사문항이다. 한바퀴 돌고 다시 야영지로 향한다. 향하면서 아내와 아이들을 만났지만 모른척 눈 인사만 하고 지나친다. 난 쿨하다 타프로 돌아와서 모래사장 위에서 다리 뻗고 블루투스 스피커로 음악에 맥주 아침부터 맥주 한잔을 즐겨본다. 바다에서 맥주를 얼마만에 마셔보는가. 조 으 다 그렇게 심취해 있다 보니 애들은 하나 둘 핸드폰에 빠져 들기 시작 한다. 양양까지 와서 핸드폰하고 자빠져있따니.... 양쪽 무릎을 탁 치고 일어난다. 애들아 바닷가 가자! 네! 그래 바닷가 왔으면 바다를 즐겨야지 제주의 아들과 딸들인데 거북이처럼 육지에 오래 나와있었으면 바닷물에도 다시 들어가서 충전 좀 해야지 진짜 정신줄 놓고 잘 놀았다. 그렇게 온 몸이 빨갛게 살이 익을 정도로 햇볕에서 놀고 기분 좋게 냉면 먹고 집으로 가기 위해 아쉽지만 철수한다. 오후쯤 서퍼들이 하나둘 나와서 파도 없는 바닷물에서 서핑을 즐기고 있다. 양양시는 양양 발전 차원에서 인공파도 만드는 기계라도 하나 설치 해줬으면 좋을듯 하다. 즐거운 주말 끝.""]",http://blog.naver.com/PostView.nhn?blogId=hallatool&logNo=221290823915&redirect=Dlog&widgetTypeCall=true&directAccess=false
12,2020-03-01,잼잼님의블로그,"[' 지난 추석 연휴 기간에 강원도 양양 기사문해수욕장 근처에 곤드레산나물밥집 발견! 여기서 밥을 먹고 가기로 결정! 양양 기사문해수욕장 근처에 있는 곤드레산나물밥집 아침식사도 가능하다고 되어있음! \u200b 기사문해수욕장에서 서핑하는 분들도 많던데, 아침 일찍 밥 먹고 서핑하면 든든하고 좋을 듯! 무거워서 잘 안되려나 ㅋㅋ \u200b 암튼, 도로 옆에 위치해 있기 때문에 주차할 때 조심하세요! 곤드레산나물밥집 강원도 양양군 현북면 동해대로 1292 대표 메뉴는 바로 곤드레 정식! 예전에 엄마가 집에서 해줘서 먹었는데, 밥이랑 곤드레 나물 섞어서 엄마가 만든 양념장이랑 비벼 먹으니깐 정말 맛있었음! \u200b 곤드레 정식 2인분 주문! 사실, 돼지주물럭, 오삼불고기도 먹고 싶었는데, 2인분부터 주문 가능... \u200b # 양양 곤든레산나물밥집 영업시간 따로 나와있지 않음 전화로 문의해보세요 033-672-3222 곤드레 정식 2인분 등장! 반찬 정말 많음! \u200b 산나물, 우렁된장, 더덕구이, 꽁치, 두부, 김, 가지, 브로콜리 등등 너무나 많은 반찬들이 나옴! \u200b 강된장과 산나물을 넣어서 곤드레 밥과 함께 비벼 먹으니 정말 맛있더라고요!!! \u200b 밑반찬들도 너무 맛있었음! 어른/어린이들도 모두 좋아할 거 같아요!! 가족분들이 오셔도 괜찮은 곤드레산나물밥집!! \u200b 나온 음식들 모두 다 먹어버렸습니다 ㅋㅋㅋㅋㅋㅋ 추석 연휴라 그런지 사람들이 많지는 않았는데, 가족단위 팀으로 한 팀, 두 팀 계속 오더라구요 \u200b 그리고 한 쪽에는 황태를 함께 팔고 있음! 어머니들이 밥 먹고 한 개씩 사갈 듯... ㅋㅋㅋ 그리고 카운터 옆에 약재? 같은 것들도 판매를 하고 있음! 다 먹고 차 타고 기사문 해수욕장을 보고 갔는데 서핑 하는 사람들이 정말 많이 있었음! \u200b 서핑을 여자친구 덕분에 알게 되었는데, 몇 번 해봤는데, 재밌었음 ㅋㅋ 잘 못하지만 ㅋㅋㅋ 그리고 티비에서 서핑 프로그램 한 걸 봤는데, 서핑을 취미로 하는 분들이 정말 많더라고요 \u200b 축구 말고 또 다른 취미 운동으로 서핑을 해야겠음! 강원도 양양으로 놀러 가시거나 기사문해수욕장 근처로 서핑 가시는 분들 든든한 식사하고 싶으면 곤드레산나물밥집 으로 가세요~']",http://blog.naver.com/PostView.nhn?blogId=woawoa1115&logNo=221863985424&redirect=Dlog&widgetTypeCall=true&directAccess=false
13,2020-03-01,아침나라/안영국,"[' 강원도 동해안 일출 해맞이 명소 가볼 만한 곳 양양 현북면 기사문 해변 갯바위 일출 양양 현북면 기사문 해변, 또는 38선 휴게소 해변 바로 아래 있다고 38휴게소 해변이라고도 부르는 아담하고 전망이 좋은 곳이다, 이곳 기사문 해변은 기사문항과 접해 있으며 파도가 밀려올 때는 서핑 마니아들이 많이 찾아와 서핑을 즐기는 명소이기도 하다, 기사문 해변 갯바위 일출 \u200b \u200b 어두운 새벽에 찾아오실 때는 7번 국도 도로 옆에 기사문항을 알리는 네온 입간판이 멋지게 불을 밝히고 있습니다, 이곳으로 오시면 바로 넓은 주차장에 주차를 하시고 백사장으로 나오실 수가 있습니다, \u200b ※ 아니면 7번 국도 38선 휴게소 대형 주차장에 주차를 하시고 기사문 해변으로 내려오셔도 좋습니다, \u200b 기사문 해변으로 내려오시면 어두운 새벽 기사문항 송이 등대가 반짝반짝 반갑다고 인사를 해 줄 겁니다, \u200b ▲ 기사문 해변의 대표 일출 포인트 삼 형제바위입니다, \u200b 이곳 기사문 해변 삼 형제바위 갯바위 뒤쪽으로도 멋진 갯바위들이 많은데 이곳은 군사 보호 지역이라 출입을 제한하고 있는 곳입니다, \u200b \u200b 갯바위 뒤로 어선 한 척이 만선의 고기를 싫고 모항으로 귀항하고 있는가 봅니다, 갈매기떼가 어선을 뒤따르고 있습니다, \u200b \u200b \u200b \u200b \u200b 갯바위 뒤로 멀리 아련히 보이는 양양의 대표 일출 명소 하조대 애국송이 보입니다, \u200b \u200b 왼쪽에 붉은 지붕의 건물이 양양 38선 휴게소 그리고 중에 건물은 기사문항과 붉은 송이 등대가 보이는군요, \u200b \u200b \u200b 기사문항 입구에 모래 바지선이 좌초하여 아주 흉물스럽게 방치되어 아름다운 기사문 해변을 찾는 관광객과 서핑 마니아들로부터 많은 불쾌감을 주고 있는 물건을 하루빨리 철거가 되었으면 합니다, \u200b \u200b 기사문해변 강원도 양양군 현북면 기사문리 기사문항 송이등대 일출 포인트 강원도 양양군 현북면 기사문리 \u200b \u200b \u200b \u200b \u200b \u200b']",http://blog.naver.com/PostView.nhn?blogId=ykahn007&logNo=221877335487&redirect=Dlog&widgetTypeCall=true&directAccess=false
14,2019-08-01,"여행지에서의 ""하루...","[' 강원도 양양으로 서핑가는 날 준비물 오전 6시20분쯤 광명에서 출발 가평 휴게소와 내린천 휴게소를 들렸다 에스컬레이터를 두번타고 4층에 올라가면 멋진 풍경을 바라보며 식사와 커피를 마실수 있다 화장실은 백화점보다도 더 좋은듯... 우리나라 휴게소는 안그래도 좋은데 갈수록 좋아지는것 같다 10시쯤 강원도 양양 기사문해변 도착 우리가 서핑보드 빌린 양양서프앤카페 정말 친절하고 샤워시설에 수건까지 있어서 좋았다 해변 천막아래에서 강습받고 있는 사람들이 보이고 친구가 배가 고프다해서 간단히 컵라면을 먹었다 정말 시골 슈퍼에서 물 끓여주고 김치까지해서 컵라면3개 6천원 서핑보드 강습은 없이 보드만 2개 빌려 해변으로 가서 서핑 시작~^^ 대성이는 서핑하다가 스노클링으로 3시간정도 열심히 탔더니 무릅 쓰라림 ㅠ.ㅠ 점심은 미리 검색해 두었던 맛집으로 갔는데 모든 음식이 맛있었다~^^ 양양에서 핫하다는 서피비치 구경~ 인증샷 찍기위한 줄~ㅋ 교통비 기름값 약7만원+통행료 28,400원 인당 35,000원 서핑보드 대여 인당2만원 식사 곤드레밥집 54,000원+컵라면6,000원 인당 2만원 1인당 75,000원으로 알차고 재미있게 놀다왔다~^^']",http://blog.naver.com/PostView.nhn?blogId=yawoosu&logNo=221608594072&redirect=Dlog&widgetTypeCall=true&directAccess=false
15,2018-10-01,양양군청 공식블로그,"[' 양양 일출 명소 양양 현북면 기사문 해변 가을 찬바람이 불면서 일출 명소를 찾는 사진 작가님들이 많이 찾는 양양 기사문 해변은 갯바위 사이로 오르는 일출의 장관을 보기 위해 전국에서 사진 애호가님들의 명소로 널리 알려져 찾고 있는 곳을 알려드립니다, 찾아 오시는 길 안내 서울 양양간 고속도로 양양 IC에서 내려 7번국도 강릉 방향으로 오시다보면 하조대를 지나면 바로 왼쪽에 기사문항과 38선 휴게소가 보이면 좌회전 신호를 받아 주차장으로 오시면 바로 기사문 해수욕장 주차장 주차를 하시면 됩니다, 기사문해수욕장 강원도 양양군 현북면 기사문리 저장 관심 장소를 MY플레이스 에 저장할 수 있어요. 팝업 닫기 \'내 장소\' 폴더에 저장했습니다. MY플레이스 가기 팝업 닫기 전화 상세보기 <a onclick=""return false;"" href=""#bSize"" style=""display:none"" target=""_blank"" class=""se_map_link __se_link"" data-linktype=""map"" data-linkdata=""{&quot;eventTarget&quot;:&quot;button&quot;,&quot;didSearch&quot;:&quot;true&quot;,&quot;searchEngine&quot;:&quot;NAVER&quot;,&quot;locationId&quot;:&quot;36072521&quot;,&quot;latitude&quot;:&quot;38.00565&quot;,&quot;markerLatitude&quot;:&quot;38.00565&quot;,&quot;markerLongitude&quot;:&quot;128.73155&quot;,&quot;title&quot;:&quot;기사문해수욕장&quot;,&quot;longitude&quot;:&quot;128.73155&quot;}"">지도보기</a> 기사문항 입구에 이렇게 기사문항을 알리는 네온싸인이 보입니다. 기사문항을 알리는 등대는 양양의 자연산 송이를 알리고자 등대도 송이 모양으로 등대를 만들어 인기가 많습니다. 여름피서 잔재물들이 아직도 남아 있네요. 해변 백사장에서 바다쪽을 보게되면 작은 섬이 조도 라고합니다, 그리고 오른쪽으로 보시게 되면 작은 갯바위가 일출을 담고자 하는 포인트가 되겠습니다. 자 ~~ 그러면 갯바위 앞으로 오르는 오메가 일출 시간차로 담은 사진을 보시겠습니다 . 수평선 위로 태양의 머리가 쏘오옥 ~~ 올라 오고 있습니다. 오메가 일출이 수평선에서 완전히 떨어져 오르는 순간까지 걸리는 시간은 4분밖에 걸리지 않습니다, 잠시 한눈 팔수 없는 순간입니다.']",http://blog.naver.com/PostView.nhn?blogId=likeyyang&logNo=221369533614&redirect=Dlog&widgetTypeCall=true&directAccess=false
